{
  "project_info": {
    "project_number": "5338677258",
    "firebase_url": "https://dietaryproject-db138.firebaseio.com",
    "project_id": "dietaryproject-db138",
    "storage_bucket": "dietaryproject-db138.appspot.com"
  },
  "client": [
    {
      "client_info": {
        "mobilesdk_app_id": "1:5338677258:android:3631317d0309dd49",
        "android_client_info": {
          "package_name": "com.example.jky.dietary"
        }
      },
      "oauth_client": [
        {
          "client_id": "5338677258-jq7inpudf98rj41bhhm8sqfj17uhlf5d.apps.googleusercontent.com",
          "client_type": 1,
          "android_info": {
            "package_name": "com.example.jky.dietary",
            "certificate_hash": "578f5f3902b298b5af023309a66ef05339c27cd5"
          }
        },
        {
          "client_id": "5338677258-crssnntk9qvbf5r8o9il55oprs67g38n.apps.googleusercontent.com",
          "client_type": 3
        }
      ],
      "api_key": [
        {
          "current_key": "AIzaSyALIzOjNsnfzoWgo5LavoQPCDUpMVSUar4"
        }
      ],
      "services": {
        "analytics_service": {
          "status": 1
        },
        "appinvite_service": {
          "status": 2,
          "other_platform_oauth_client": [
            {
              "client_id": "5338677258-crssnntk9qvbf5r8o9il55oprs67g38n.apps.googleusercontent.com",
              "client_type": 3
            }
          ]
        },
        "ads_service": {
          "status": 2
        }
      }
    }
  ],
  "configuration_version": "1"
}